id,date,hospital,facility,type,type-key,report,incidents,link,grant_title,organization,total_amount,group,Grant start date,start_month,start_day,start_year
2,12/27/18,BHC Fairfax,1,Assault,1,Unreported,1,https://www.documentcloud.org/documents/6140589-Fairfax-Kirkland-122718-Assault.html,New Mexico Business Roundtable,New Mexico Business Roundtable for Educational Excellence,5000,low,2/4/10,2,4,2010
3,12/24/18,BHC Fairfax,1,Assault,1,Unreported,1,https://www.documentcloud.org/documents/6140547-Fairfax-Kirkland-122418-Assault.html,LA NSC Match,Trustees of Dartmouth College,27727,low,8/3/09,8,3,2009
5,11/29/18,BHC Fairfax,1,Assault,1,Unreported,1,https://www.documentcloud.org/documents/6140549-Fairfax-Kirkland-112918-Assault.html,Mathematics Assessment for Learning Phase One RFP,Denver School of Science and Technology Inc.,36018,low,11/12/09,11,12,2009
6,11/18/18,BHC Fairfax,1,Assault,1,Unreported,1,https://www.documentcloud.org/documents/6140550-Fairfax-Kirkland-111818-Assault.html,Convening of Stakeholder Planning Committee for the Institute for Local Innovation in Teaching and Learning,The NEA Foundation for the Improvement of Education,38420,low,3/11/10,3,11,2010
8,10/17/18,BHC Fairfax,1,Assault,1,Unreported,1,https://www.documentcloud.org/documents/6140551-Fairfax-Kirkland-101718-Assault.html,Conference Support,New Schools for New Orleans,50000,low,10/12/09,10,12,2009
9,10/11/18,BHC Fairfax,1,Assault,1,Unreported,1,https://www.documentcloud.org/documents/6140552-Fairfax-Kirkland-101118-Assault.html,Conference Support Grant on differentiated compensation symposium,Battelle For Kids,50000,low,6/30/09,6,30,2009
10,10/5/18,BHC Fairfax,1,Assault,1,Unreported,1,https://www.documentcloud.org/documents/6140553-Fairfax-Kirkland-100518-Assault.html,Conference Support On School Turnaround Issues,FSG Social Impact Advisors,50000,low,9/24/09,9,24,2009
11,9/28/18,BHC Fairfax,1,Assault,1,Unreported,1,https://www.documentcloud.org/documents/6140554-Fairfax-Kirkland-092818-Assault.html,City Based Proposal for What Works Fund - Aspire Public Schools,Aspire Public Schools,51500,low,10/29/09,10,29,2009
12,9/27/18,BHC Fairfax,1,Assault,1,Unreported,1,https://www.documentcloud.org/documents/6140555-Fairfax-Kirkland-092718-Assault.html,Formative Assessment Task Development and Validation (Supplemental to OPP53449),Educational Policy Improvement Center,55752,low,11/16/09,11,16,2009
13,9/2/18,BHC Fairfax,1,Assault,1,Unreported,1,https://www.documentcloud.org/documents/6140556-Fairfax-Kirkland-090218-Assault.html,City Based Proposal for What Works Fund - E3 Alliance,E3 Alliance,56245,low,10/28/09,10,28,2009
15,8/25/18,BHC Fairfax,1,Assault,1,Unreported,1,https://www.documentcloud.org/documents/6140558-Fairfax-Kirkland-082518-Assault.html,Light touch communications grant for EET district partner (Hillsborough),"Hillsborough Education Foundation, Inc.",60000,low,11/2/09,11,2,2009
18,8/18/18,BHC Fairfax,1,Assault,1,Unreported,1,https://www.documentcloud.org/documents/6140561-Fairfax-Kirkland-081818-Assault.html,Light touch communications grant for EET district partner (LA CMOs),The College-Ready Promise,60000,low,11/2/09,11,2,2009
20,8/5/18,BHC Fairfax,1,Assault,1,Unreported,1,https://www.documentcloud.org/documents/6140563-Fairfax-Kirkland-080518-Assault.html,Light touch communications grant for EET district partner (Memphis),Memphis City Schools Foundation,60000,low,11/2/09,11,2,2009
21,8/5/18,BHC Fairfax,1,Assault,1,Unreported,1,https://www.documentcloud.org/documents/6140563-Fairfax-Kirkland-080518-Assault.html,Light touch communications grant for EET district partners (Pittsburgh),Pittsburgh Public Schools,60000,low,11/2/09,11,2,2009
22,7/23/18,BHC Fairfax,1,Assault,1,Unreported,1,https://www.documentcloud.org/documents/6140564-Fairfax-Kirkland-072318-Assault.html,City Based Proposal for What Works Fund - GHCF,Greater Houston Community Foundation,68500,low,10/28/09,10,28,2009
24,6/13/18,BHC Fairfax,1,Assault,1,Unreported,1,https://www.documentcloud.org/documents/6140566-Fairfax-Kirkland-061318-Assault.html,City Based Proposal for What Works Fund - New Visions for Public Schools,"New Visions for Public Schools, Inc",70116,low,11/10/09,11,10,2009
25,6/12/18,BHC Fairfax,1,Assault,1,Unreported,1,https://www.documentcloud.org/documents/6140567-Fairfax-Kirkland-061218-Assault.html,City Based Proposal for What Works Fund - Philadelphia Public Schools,School District of Philadelphia,74219,low,11/13/09,11,13,2009
27,4/20/18,BHC Fairfax,1,Assault,1,Unreported,1,https://www.documentcloud.org/documents/6140569-Fairfax-Kirkland-042018-Assault.html,Mathematics Assessment for Learning Phase One RFP,Hamilton County Department of Education,74800,low,11/1/09,11,1,2009
28,2/28/18,BHC Fairfax,1,Assault,1,Unreported,1,https://www.documentcloud.org/documents/6140570-Fairfax-Kirkland-022818-Assault.html,City Based Proposal for What Works Fund ‚Äö√Ñ√¨ Internationals Network (with NCLR),Internationals Network For Public Schools Inc,74900,low,3/24/10,3,24,2010
29,2/17/18,BHC Fairfax,1,Assault,1,Unreported,2,https://www.documentcloud.org/documents/6140571-Fairfax-Kirkland-021718-Assault.html,City Based Proposal for What Works Fund - Minneapolis Public Schools,Achieve Minneapolis,74963,low,10/29/09,10,29,2009
30,1/31/18,BHC Fairfax,1,Assault,1,Unreported,1,https://www.documentcloud.org/documents/6140572-Fairfax-Kirkland-013118-Assault.html,City Based Proposal for What Works Fund - PTE,The College-Ready Promise,75000,low,11/4/09,11,4,2009
32,1/9/18,BHC Fairfax,1,Assault,1,Unreported,1,https://www.documentcloud.org/documents/6140574-Fairfax-Kirkland-010918-Assault.html,TPERF Statewide Education Summit and Legislative Briefing,Texas Public Education Reform Foundation,75000,low,10/1/08,10,1,2008
33,1/4/18,BHC Fairfax,1,Assault,1,Unreported,1,https://www.documentcloud.org/documents/6140575-Fairfax-Kirkland-010418-Assault.html,City Based Proposal for What Works Fund - NYC Charter Center,New York City Center for Charter School Excellence,75300,low,10/30/09,10,30,2009
34,1/1/18,BHC Fairfax,1,Assault,1,Unreported,1,https://www.documentcloud.org/documents/6140576-Fairfax-Kirkland-010118-Assault.html,"Supporting the development of a cross-sector plan that represent new levels of collaboration between one or more districts and the SEED School, a leading CMO in Washington, DC and Baltimore","SEED Foundation, Inc.",75970,low,1/28/10,1,28,2010
36,11/6/17,BHC Fairfax,1,Assault,1,Unreported,1,https://www.documentcloud.org/documents/6140578-Fairfax-Kirkland-110617-Assault-2.html,City based proposal for What Works Fund - City of New Haven,City of New Haven,82500,low,11/17/09,11,17,2009
37,11/6/17,BHC Fairfax,1,Assault,1,Unreported,1,https://www.documentcloud.org/documents/6140579-Fairfax-Kirkland-110617-Assault-1.html,"Achievement Gap Institute: Annual Research-to-Practice Conference, How Teachers Improve",President and Fellows of Harvard College,91300,low,5/13/09,5,13,2009
38,10/31/17,BHC Fairfax,1,Assault,1,Unreported,1,https://www.documentcloud.org/documents/6140580-Fairfax-Kirkland-103117-Assault.html,National Education Forum,The Library of Congress,91350,low,3/1/08,3,1,2008
39,10/30/17,BHC Fairfax,1,Assault,1,Unreported,1,https://www.documentcloud.org/documents/6140581-Fairfax-Kirkland-103017-Assault.html,Community Engagement Supporting College and Career Readiness,Austin Voices for Education and Youth,93000,low,10/1/09,10,1,2009
40,10/19/17,BHC Fairfax,1,Assault,1,Unreported,1,https://www.documentcloud.org/documents/6140582-Fairfax-Kirkland-101917-Assault.html,Building & Sustaining Support for Good Schools: A Public Information Campaign,Prichard Committee for Academic Excellence,100000,medium,4/30/10,4,30,2010
42,8/21/17,BHC Fairfax,1,Assault,1,Unreported,1,https://www.documentcloud.org/documents/6140584-Fairfax-Kirkland-082117-Assault.html,City Based Proposal for What Works Fund ‚Äö√Ñ√¨ Council of Great City Schools,Council Of The Great City Schools,100000,medium,3/18/10,3,18,2010
43,8/10/17,BHC Fairfax,1,Assault,1,Unreported,1,https://www.documentcloud.org/documents/6140585-Fairfax-Kirkland-081017-Assault.html,City based proposal for What Works Fund - New Schools for New Orleans,New Schools for New Orleans,100000,medium,11/4/09,11,4,2009
45,7/21/17,BHC Fairfax,1,Assault,1,Unreported,1,https://www.documentcloud.org/documents/6150795-Fairfax-Kirkland-072117-Assault.html,EEP Equality Day Rally Support,Education Equality Project,100000,medium,6/19/09,6,19,2009
47,6/14/17,BHC Fairfax,1,Assault,1,Unreported,1,https://www.documentcloud.org/documents/6150797-Fairfax-Kirkland-061417-Assault.html,Stimulus Tracker,Education Writers Association,100000,medium,7/22/09,7,22,2009
48,5/24/17,BHC Fairfax,1,Assault,1,Unreported,1,https://www.documentcloud.org/documents/6150798-Fairfax-Kirkland-052417-Assault.html,Repurpose of Alliance for Education Funds to a Variety of Essential Organizational Functions and Programs,Alliance for Education,110610,medium,2/26/10,2,26,2010
49,5/23/17,BHC Fairfax,1,Assault,1,Unreported,1,https://www.documentcloud.org/documents/6150799-Fairfax-Kirkland-052317-Assault.html,Secondary STEM Data and Standards Analysis,Texas Public Education Reform Foundation,140000,medium,7/28/09,7,28,2009
50,5/16/17,BHC Fairfax,1,Assault,1,Unreported,1,https://www.documentcloud.org/documents/6150800-Fairfax-Kirkland-051617-Assault.html,Mathematics Assessment for Learning Phase One RFP,Charlotte-Mecklenburg Schools,143973,medium,11/9/09,11,9,2009
51,5/9/17,BHC Fairfax,1,Assault,1,Unreported,1,https://www.documentcloud.org/documents/6150801-Fairfax-Kirkland-050917-Assault.html,Ethnic Commission Education Reform Project,Washington State Commission on African American Affairs,146025,medium,11/20/09,11,20,2009
55,2/18/17,BHC Fairfax,1,Assault,1,Unreported,1,https://www.documentcloud.org/documents/6150804-Fairfax-Kirkland-021817-Assault.html,Mathematics Assessment for Learning Phase One RFP,Cristo Rey Network,149733,medium,11/6/09,11,6,2009
56,2/12/17,BHC Fairfax,1,Assault,1,Unreported,1,https://www.documentcloud.org/documents/6150805-Fairfax-Kirkland-021217-Assault.html,California Collaborative on District Reform Phase 2,American Institutes for Research,150000,medium,3/1/08,3,1,2008
57,11/25/16,BHC Fairfax,1,Assault,1,Unreported,1,https://www.documentcloud.org/documents/6132705-Fairfax-Kirkland-112516-Assault.html,Professional Educator Standards Board,Professional Educator Standards Board,150000,medium,10/9/09,10,9,2009
58,9/26/16,BHC Fairfax,1,Assault,1,Unreported,1,https://www.documentcloud.org/documents/6132704-Fairfax-Kirkland-092616-Assault.html,Evaluate the Leaky College Pipeline in New York City,Fund for Public Schools Inc.,170023,medium,10/27/09,10,27,2009
60,8/8/16,BHC Fairfax,1,Assault,1,Unreported,1,https://www.documentcloud.org/documents/6132702-Fairfax-Kirkland-080816-Assault.html,Advocacy for Sustained School Reform in the Nation's Capital,DC VOICE,200000,medium,7/1/08,7,1,2008
63,7/13/16,BHC Fairfax,1,Assault,1,Unreported,1,https://www.documentcloud.org/documents/6132699-Fairfax-Kirkland-071316-Assault.html,DC Expansion and CA STEM partnership,Tiger Woods Foundation Inc.,200000,medium,8/29/09,8,29,2009
64,7/7/16,BHC Fairfax,1,Assault,1,Unreported,1,https://www.documentcloud.org/documents/6132698-Fairfax-Kirkland-070716-Assault.html,Retaining Teacher Talent: What Matters for Gen-Y Teachers,"Public Agenda Foundation, Inc.",215000,medium,3/2/09,3,2,2009
65,6/28/16,BHC Fairfax,1,Assault,1,Unreported,1,https://www.documentcloud.org/documents/6132696-Fairfax-Kirkland-062816-Assault.html,Supplemental Support for the New York STEM Progressive Dialogues (original grant on OPP52284),Rensselaer Polytechnic Institute,220654,medium,9/29/09,9,29,2009
68,4/13/16,BHC Fairfax,1,Assault,1,Unreported,1,https://www.documentcloud.org/documents/6132692-Fairfax-Kirkland-041316-Assault.html,Teacher Demographics and Pension Policies,National Commission on Teachings & America's Future,221755,medium,1/1/09,1,1,2009
69,2/26/16,BHC Fairfax,1,Assault,1,Unreported,1,https://www.documentcloud.org/documents/6132691-Fairfax-Kirkland-022616-Assault.html,Charter School Initiative,President and Fellows of Harvard College,224030,medium,2/25/10,2,25,2010
70,2/25/16,BHC Fairfax,1,Assault,1,Unreported,1,https://www.documentcloud.org/documents/6132688-Fairfax-Kirkland-022516-Assault-1.html,High School Standards Review project,Illinois State Board of Education,225000,medium,10/1/08,10,1,2008
71,2/25/16,BHC Fairfax,1,Assault,1,Unreported,1,https://www.documentcloud.org/documents/6132689-Fairfax-Kirkland-022516-Assault-2.html,Progressive Dialogues (Supplemental grant on OPP1008819),Rensselaer Polytechnic Institute,231382,medium,12/1/08,12,1,2008
72,2/25/16,BHC Fairfax,1,Assault,1,Unreported,1,https://www.documentcloud.org/documents/6132690-Fairfax-Kirkland-022516-Assault-3.html,Support access to ARRA funds for strong CMOs,New Schools Fund dba NewSchools Venture Fund,246070,medium,9/10/09,9,10,2009
73,2/4/16,BHC Fairfax,1,Assault,1,Unreported,1,https://www.documentcloud.org/documents/6132687-Fairfax-Kirkland-020416-Assault.html,Aspen-NewSchools Fellows,New Schools Fund dba NewSchools Venture Fund,250000,medium,3/26/09,3,26,2009
74,1/31/16,BHC Fairfax,1,Assault,1,Unreported,1,https://www.documentcloud.org/documents/6132686-Fairfax-Kirkland-013116-Assault.html,Texas Charter Schools Association,Texas Charter Schools Association,250000,medium,5/18/09,5,18,2009
75,10/27/18,Cascade Behavioral,2,Assault,1,Unreported,1,https://www.documentcloud.org/documents/6143886-Cascade-102718-Assault.html,to support the work of a teacher evaluation task force,American Federation Of Teachers Educational Foundation,250000,medium,6/23/09,6,23,2009
76,10/18/18,Cascade Behavioral,2,Assault,1,Unreported,1,https://www.documentcloud.org/documents/6143888-Cascade-101818-Assault.html,Ensuring a Valid and Useable Teacher Student Link,National Center For Educational Achievement,260760,medium,11/21/09,11,21,2009
77,10/5/18,Cascade Behavioral,2,Assault,1,Unreported,1,https://www.documentcloud.org/documents/6143889-Cascade-100518-Assault.html,Consistent College-Ready Standards,Military Child Education Coalition,269998,medium,10/1/08,10,1,2008
81,5/25/18,Cascade Behavioral,2,Assault,1,Unreported,1,https://www.documentcloud.org/documents/6143893-Cascade-052518-Assault.html,DCPS Measures of Teacher Effectiveness Study,DC Public Education Fund,299985,medium,11/10/09,11,10,2009
84,5/1/18,Cascade Behavioral,2,Assault,1,Unreported,1,https://www.documentcloud.org/documents/6143894-Cascade-050118-Assault.html,Creating a Stronger Philanthropic Sector in Education,Grantmakers for Education,300000,medium,11/6/09,11,6,2009
87,3/12/18,Cascade Behavioral,2,Assault,1,Unreported,1,https://www.documentcloud.org/documents/6143895-Cascade-031218-Assault.html,Envision Schools Post-Secondary Tracking,Envision Schools,300000,medium,6/1/08,6,1,2008
88,3/2/18,Cascade Behavioral,2,Assault,1,Unreported,1,https://www.documentcloud.org/documents/6143896-Cascade-030218-Assault.html,Global Education Leaders' Program (GELP),Silicon Valley Community Foundation,300000,medium,11/10/09,11,10,2009
94,10/6/17,Cascade Behavioral,2,Assault,1,Unreported,1,https://www.documentcloud.org/documents/6143897-Cascade-100617-Assault.html,Investigation of the Relationship between Teacher Quality and Student Learning Outcomes,"ACT, Inc.",300000,medium,10/1/08,10,1,2008
95,9/13/17,Cascade Behavioral,2,Assault,1,Unreported,1,https://www.documentcloud.org/documents/6143898-Cascade-091317-Assault.html,Teacher-Student Data Link Project - Arkansas,Arkansas Department of Education,300000,medium,11/19/09,11,19,2009
97,7/2/17,Cascade Behavioral,2,Assault,1,Unreported,1,https://www.documentcloud.org/documents/6145692-Cascade-SOD-072117.html#document/p9/a506740,Teacher-Student Data Link Project - Florida,Florida Department of Education,300000,medium,11/19/09,11,19,2009
98,6/27/17,Cascade Behavioral,2,Assault,1,Unreported,1,https://www.documentcloud.org/documents/6145692-Cascade-SOD-072117.html#document/p8/a506739,Teacher-Student Data Link Project - Georgia,Georgia Department of Education,300000,medium,11/19/09,11,19,2009
99,6/16/17,Cascade Behavioral,2,Assault,1,Unreported,1,https://www.documentcloud.org/documents/6143899-Cascade-061617-Assault.html,Teacher-Student Data Link Project - Louisiana,Louisiana Department of Education,300000,medium,11/19/09,11,19,2009
102,5/19/17,Cascade Behavioral,2,Assault,1,Unreported,1,https://www.documentcloud.org/documents/6143900-Cascade-051917-Assault.html,Teacher-Student Data Link Project - Ohio,Ohio Department of Education,300000,medium,11/19/09,11,19,2009
103,5/8/17,Cascade Behavioral,2,Assault,1,Unreported,1,https://www.documentcloud.org/documents/6143901-Cascade-050817-Assault.html,The California STEM Innovation Network,California Polytechnic State University Foundation,300000,medium,1/8/09,1,8,2009
108,2/11/17,Cascade Behavioral,2,Assault,1,Unreported,1,https://www.documentcloud.org/documents/6145685-Cascade-SOD-031017.html#document/p11/a506742,TN SCORE state advocacy coalition,Tennessee State Collaborative on Reforming Education,300250,medium,2/19/10,2,19,2010
110,11/28/16,Cascade Behavioral,2,Assault,1,Unreported,1,https://www.documentcloud.org/documents/6143902-Cascade-112816-Assault.html,Bring Your 'A' Game,Twenty First Century Foundation,302425,medium,5/1/08,5,1,2008
111,9/19/16,Cascade Behavioral,2,Assault,1,Unreported,1,https://www.documentcloud.org/documents/6143903-Cascade-091916-Assault.html,Instructional Support at Cleveland and Rainier Beach,Alliance for Education,309554,medium,9/17/08,9,17,2008
113,8/20/16,Cascade Behavioral,2,Assault,1,Unreported,1,https://www.documentcloud.org/documents/6143904-Cascade-082016-Assault.html,Mathematics Assessment for Learning Phase One RFP,National Council of La Raza,322103,medium,11/10/09,11,10,2009
114,8/12/16,Cascade Behavioral,2,Assault,1,Unreported,1,https://www.documentcloud.org/documents/6143883-Cascade-081216-Assault.html,NYC Public Schools: A Retrospective 2002-2009,American Institutes for Research,325000,medium,12/1/08,12,1,2008
115,7/28/16,Cascade Behavioral,2,Assault,1,Unreported,1,https://www.documentcloud.org/documents/6143905-Cascade-072816-Assault.html,NSC Student Data for High Schools Pilot: Georgia,"University System of Georgia Foundation, Inc.",331678,medium,11/11/09,11,11,2009
116,7/25/16,Cascade Behavioral,2,Assault,1,Unreported,2,https://www.documentcloud.org/documents/6143906-Cascade-072516-Assault.html,Common Core Companion Curriculum Project,Common Core Inc.,331890,medium,12/17/09,12,17,2009
117,7/20/16,Cascade Behavioral,2,Assault,1,Unreported,1,https://www.documentcloud.org/documents/6143884-Cascade-072016-Assault.html,Civic Mission of Schools,National Council for the Social Studies,351704,medium,6/1/08,6,1,2008
118,7/18/16,Cascade Behavioral,2,Assault,1,Unreported,1,https://www.documentcloud.org/documents/6143907-Cascade-071816-Assault.html,Intensive Partnership Site - Participation in MET Research Study,Pittsburgh Public Schools,353977,medium,11/13/09,11,13,2009
119,7/15/16,Cascade Behavioral,2,Assault,1,Unreported,1,https://www.documentcloud.org/documents/6143908-Cascade-071516-Assault.html,Institute for Local Innovation in Teaching and Learning,The NEA Foundation for the Improvement of Education,358915,medium,10/22/09,10,22,2009
120,6/26/16,Cascade Behavioral,2,Assault,1,Unreported,1,https://www.documentcloud.org/documents/6143909-Cascade-062616-Assault.html,Campaign for High School Equity,"L.U.L.A.C. Institute, Inc.",370005,medium,3/1/08,3,1,2008
121,6/14/16,Cascade Behavioral,2,Assault,1,Unreported,1,https://www.documentcloud.org/documents/6143885-Cascade-061416-Assault.html,Preparing Secondary English Learners for Graduation and College,"University of California, Los Angeles",375000,medium,3/1/08,3,1,2008
122,5/24/16,Cascade Behavioral,2,Assault,1,Unreported,1,https://www.documentcloud.org/documents/6143910-Cascade-052416-Assault.html,"Education Equity Agenda: Federal and Regional Advocacy Policy Support for College Ready Work, Transparent Education Data System Alignment, Effective & Empowered Teachers and Innovation.","Leadership Conference on Civil Rights Education Fund, Inc.",375030,medium,10/26/09,10,26,2009
123,5/13/16,Cascade Behavioral,2,Assault,1,Unreported,1,https://www.documentcloud.org/documents/6143911-Cascade-051316-Assault.html,NSC Student Data for High Schools Pilot: Florida,Florida Department of Education,383465,medium,10/30/09,10,30,2009
124,1/21/16,Cascade Behavioral,2,Assault,1,Unreported,1,https://www.documentcloud.org/documents/6143912-Cascade-012116-Assault.html,The Policy Innovation in Education Network,Thomas B. Fordham Institute,398534,medium,6/15/09,6,15,2009
125,10/22/18,Fairfax Everett,1,Assault,1,Unreported,1,https://www.documentcloud.org/documents/6145768-Fairfax-Monroe-060418-Assault.html,Common Core Strategies for State Policymakers,Council of State Governments,399953,medium,3/18/10,3,18,2010
126,9/12/18,Fairfax Everett,1,Assault,1,Unreported,1,https://www.documentcloud.org/documents/6145769-Fairfax-Everett-091218-Assault.html,"Education Equity Agenda: Federal and Regional Advocacy Policy Support for College Ready Work, Transparent Education Data System Alignment, Effective & Empowered Teachers and Innovation.",Mexican American Legal Defense and Educational Fund,400000,medium,8/28/09,8,28,2009
128,7/22/18,Fairfax Everett,1,Assault,1,Unreported,1,https://www.documentcloud.org/documents/6145771-Fairfax-Everett-072218-Assault.html,Education Equity Agenda: LULAC Parent Involvement Initiative for Campaign for High School Equity,"L.U.L.A.C. Institute, Inc.",400017,medium,9/21/09,9,21,2009
130,6/14/18,Fairfax Everett,1,Assault,1,Unreported,2,https://www.documentcloud.org/documents/6145774-Fairfax-Everett-061418-Assault.html,8th to 9th Grade Transition and Acceleration Project,National Summer Learning Association,400366,medium,11/1/09,11,1,2009
131,1/29/18,Fairfax Everett,1,Assault,1,Unreported,1,https://www.documentcloud.org/documents/6145775-Fairfax-Everett-012918-Assault.html,Support of professional development and an education workshop for education beat reporters,"Teachers College, Columbia University",402493,medium,9/29/09,9,29,2009
132,1/24/18,Fairfax Everett,1,Assault,1,Unreported,1,https://www.documentcloud.org/documents/6145776-Fairfax-Everett-012418-Assault.html,NSC Student Data for High Schools Pilot: Texas,Communities Foundation of Texas,406610,medium,10/15/09,10,15,2009
133,1/12/18,Fairfax Everett,1,Assault,1,Unreported,1,https://www.documentcloud.org/documents/6145777-Fairfax-Everett-011218-Assault.html,Supplemental Support Review and Build-out of the Raytheon STEM Model,Business Higher Education Forum,417517,medium,11/4/09,11,4,2009
134,2/5/17,Fairfax Everett,1,Assault,1,Unreported,1,https://www.documentcloud.org/documents/6145778-Fairfax-Everett-020517-Assault.html,The State of Professional Learning: A National Study,National Staff Development Council,421603,medium,11/1/08,11,1,2008
135,8/12/16,Fairfax Everett,1,Assault,1,Unreported,1,https://www.documentcloud.org/documents/6145779-Fairfax-Everett-081216-Assault.html,Education Equity Agenda: Southeast Asian American Action and Visibility in Education (SAVE) Project,Southeast Asia Resource Action Center,425000,medium,8/28/09,8,28,2009
136,7/16/16,Fairfax Everett,1,Assault,1,Unreported,1,https://www.documentcloud.org/documents/6145780-Fairfax-Everett-071616-Assault.html,Roads to Success Curriculum Completion and Distribution,Roads to Success Inc.,430000,medium,10/26/09,10,26,2009
138,3/20/16,Fairfax Everett,1,Assault,1,Unreported,1,https://www.documentcloud.org/documents/6145781-Fairfax-Everett-032016-Assault.html,STEM Community Collaborative Phase 2,MCNC,432898,medium,3/6/09,3,6,2009
139,3/6/16,Fairfax Everett,1,Assault,1,Unreported,1,https://www.documentcloud.org/documents/6145782-Fairfax-Everett-030616-Assault.html,California ADP Support,Regents of the University of California at Berkeley,437807,medium,10/22/08,10,22,2008
140,3/5/16,Fairfax Everett,1,Assault,1,Unreported,1,https://www.documentcloud.org/documents/6145783-Fairfax-Everett-030516-Assault.html,Regional convenings for policymakers and leaders to develop commitment to standards and assessments,National Association of State Boards of Education,450675,medium,10/26/09,10,26,2009
142,6/6/18,Fairfax Monroe,1,Assault,1,Unreported,1,https://www.documentcloud.org/documents/6145766-Fairfax-Monroe-062718-Fall.html,Business Planning to Create Hybrid Learning Environments in Existing and New Schools,Pollinate Ventures,451125,medium,11/8/09,11,8,2009
143,6/4/18,Fairfax Monroe,1,Assault,1,Unreported,1,https://www.documentcloud.org/documents/6145767-Fairfax-Monroe-060618-Assault.html,Mathematics Assessment for Learning Phase One RFP,Fund for Public Schools Inc.,455394,medium,11/13/09,11,13,2009
145,3/6/18,Navos,3,Assault,1,Unreported,1,https://www.documentcloud.org/documents/6150256-Navos-030618-Assault.html,KIPPShare National Data Platform,KIPP Foundation,468500,medium,11/5/09,11,5,2009
146,2/15/18,Navos,3,Assault,1,Unreported,1,https://www.documentcloud.org/documents/6150257-Navos-021518-Assault.html,The Equity Project (TEP) Charter School Evaluation,Mathematica Policy Research,470507,medium,7/16/09,7,16,2009
147,1/18/18,Navos,3,Assault,1,Unreported,1,https://www.documentcloud.org/documents/6150258-Navos-011818-Assault.html,North Carolina STEM Development,MCNC,475000,medium,5/1/08,5,1,2008
149,12/25/17,Navos,3,Assault,1,Unreported,4,https://www.documentcloud.org/documents/6150260-Navos-122517-Assault.html,Using web-based videos to teach math to high school students,Guaranteach,475077,medium,3/18/10,3,18,2010
150,12/6/17,Navos,3,Assault,1,Unreported,1,https://www.documentcloud.org/documents/6150261-Navos-120617-Assault.html,CPS Community Ownership Proposal,"Strive: Cincinnati/Northern Kentucky, LLC",490021,medium,7/1/08,7,1,2008
153,11/13/17,Navos,3,Assault,1,Unreported,1,https://www.documentcloud.org/documents/6150264-Navos-111317-Assault.html,Teacher Working Conditions Survey,New Teacher Center,494933,medium,10/13/09,10,13,2009
154,11/12/17,Navos,3,Assault,1,Unreported,1,https://www.documentcloud.org/documents/6150267-Navos-111217-Assault.html,North Carolina New Technology High School Network Sustainability,New Technology Foundation,496776,medium,9/1/08,9,1,2008
155,9/24/17,Navos,3,Assault,1,Unreported,1,https://www.documentcloud.org/documents/6150266-Navos-092417-Assault.html,Planning Grant for Evaluation of Green Dot's Locke Transformation Project,"University of California, Los Angeles",498724,medium,12/1/08,12,1,2008
157,7/29/17,Navos,3,Assault,1,Unreported,1,https://www.documentcloud.org/documents/6150268-Navos-072917-Assault.html,"Preparing All Students for College, Work and Citizenship",National Conference of State Legislatures,499225,medium,5/1/08,5,1,2008
159,7/7/17,Navos,3,Assault,1,Unreported,1,https://www.documentcloud.org/documents/6150269-Navos-070717-Assault.html,Gateway to College Capacity-Building,Gateway to College National Network,499398,medium,9/1/08,9,1,2008
160,6/27/17,Navos,3,Assault,1,Unreported,1,https://www.documentcloud.org/documents/6150270-Navos-062717-Assault.html,Doubling the Numbers in STEM,Ohio Business Alliance for Higher Education and the Economy,500000,medium,11/1/08,11,1,2008
161,5/26/17,Navos,3,Assault,1,Unreported,1,https://www.documentcloud.org/documents/6150271-Navos-052617-Assault-2.html,IMPLEMENTATION: StartL: A Digital Media and Learning Accelerator,Social Science Research Council,500000,medium,11/5/09,11,5,2009
162,5/26/17,Navos,3,Assault,1,Unreported,1,https://www.documentcloud.org/documents/6150272-Navos-052617-Assault-1.html,NAPCS General Operating Support,National Alliance For Public Charter Schools,500000,medium,10/30/09,10,30,2009
163,5/23/17,Navos,3,Assault,1,Unreported,1,https://www.documentcloud.org/documents/6150273-Navos-052317-Assault.html,New England Consortium,Nellie Mae Education Foundation,500000,medium,1/1/09,1,1,2009
164,4/8/17,Navos,3,Assault,1,Unreported,1,https://www.documentcloud.org/documents/6150274-Navos-040817-Assault.html,WGHA Ambassadors,Seattle Biomedical Research Institute,500000,medium,9/1/08,9,1,2008
166,3/2/17,Navos,3,Assault,1,Unreported,1,https://www.documentcloud.org/documents/6150276-Navos-030217-Assault.html,Stay for America (retaining effective Teach for America teachers beyond year 2),"Teach for America, Inc.",500422,medium,10/1/09,10,1,2009
167,1/25/17,Navos,3,Assault,1,Unreported,1,https://www.documentcloud.org/documents/6150277-Navos-012517-Assault.html,Grassroots Media Project,"Fund for the City of New York, Inc.",513219,medium,5/1/08,5,1,2008
172,11/6/16,Navos,3,Assault,1,Unreported,1,https://www.documentcloud.org/documents/6150282-Navos-110616-Assault.html,Education Equity Agenda: Improving Native Student Graduation Rates: Policy Recommendations on High School Reform,National Indian Education Association,520446,medium,8/31/09,8,31,2009
175,9/25/16,Navos,3,Assault,1,Unreported,1,https://www.documentcloud.org/documents/6150285-Navos-092516-Assault.html,The State Role In Improving Low-performing Schools,Center on Education Policy,544700,medium,7/1/08,7,1,2008
176,9/14/16,Navos,3,Assault,1,Unreported,1,https://www.documentcloud.org/documents/6150286-Navos-091416-Assault.html,Engaging Communities for College Readiness (ENCORE),Texas Valley Communities Foundation,546865,medium,5/1/08,5,1,2008
177,8/28/16,Navos,3,Assault,1,Unreported,1,https://www.documentcloud.org/documents/6150287-Navos-082816-Assault.html,New Degree Program for Education Leaders,President and Fellows of Harvard College,550000,medium,8/1/08,8,1,2008
178,7/31/16,Navos,3,Assault,1,Unreported,1,https://www.documentcloud.org/documents/6150288-Navos-073116-Assault.html,National Advocacy Support for the Common Core Initiative,"Alliance for Excellent Education, Inc.",551336,medium,11/4/09,11,4,2009
182,7/15/16,Navos,3,Assault,1,Unreported,1,https://www.documentcloud.org/documents/6150292-Navos-071516-Assault.html,Conceptual and Organizing Platform for Secondary Mathematics Formative Assessments,Regents University Of California Los Angeles,576191,medium,5/11/09,5,11,2009
183,6/22/16,Navos,3,Assault,1,Unreported,1,https://www.documentcloud.org/documents/6150293-Navos-062216-Assault.html,Education Practice Launch,Innosight Institute Inc,588559,medium,7/1/08,7,1,2008
186,4/5/16,Navos,3,Assault,1,Unreported,1,https://www.documentcloud.org/documents/6150296-Navos-040516-Assault.html,Building Business Leadership for New Approaches to Teacher Compensation,Committee for Economic Development,597077,medium,5/5/09,5,5,2009
189,2/2/16,Navos,3,Assault,1,Unreported,1,https://www.documentcloud.org/documents/6150299-Navos-020216-Assault.html,Mathematics Assessment for Learning Phase One RFP,Prichard Committee for Academic Excellence,599016,medium,11/16/09,11,16,2009
192,12/21/18,Smokey Point,4,Assault,1,Unreported,1,https://www.documentcloud.org/documents/6150687-Smokey-Point-011719-CMS-SOD.html#document/p30/a506608,THE HIGH SCHOOL REDESIGN INITIATIVE -- PHASE TWO,National Association of State Boards of Education,599725,medium,5/1/08,5,1,2008
193,12/16/18,Smokey Point,4,Assault,1,Unreported,1,https://www.documentcloud.org/documents/6150687-Smokey-Point-011719-CMS-SOD.html#document/p30/a506607,Aligning P-12 and Postsecondary Data Systems,National Center For Educational Achievement,600000,medium,9/1/08,9,1,2008
199,12/2/18,Smokey Point,4,Assault,1,Unreported,1,https://www.documentcloud.org/documents/6150771-Smokey-Point-120218-Assault.html,The Next Generation of NCLR Schools,National Council of La Raza,600000,medium,3/1/08,3,1,2008
204,8/31/18,Smokey Point,4,Assault,1,Unreported,1,Audio,Washington STEM Innovation Initiative,Partnership for Learning,643881,medium,3/11/09,3,11,2009
205,8/14/18,Smokey Point,4,Assault,1,Reported,,,Teacher Effectiveness work,Hope Street Group,650108,medium,11/7/09,11,7,2009
206,8/13/18,Smokey Point,4,Assault,1,Unreported,1,https://www.documentcloud.org/documents/6150784-Smokey-Point-081318-Assault.html,Stimulus related work and CSA support,Institute for a Competitive Workforce,653077,medium,11/11/09,11,11,2009
207,7/14/18,Smokey Point,4,Assault,1,Unreported,1,https://www.documentcloud.org/documents/6150777-Smokey-Point-071418-Assault.html,"Validating a Common Core of Fewer, Clearer, Higher Standards",Educational Policy Improvement Center,721687,medium,5/5/09,5,5,2009
213,5/15/18,Smokey Point,4,Assault,1,Unreported,1,https://www.documentcloud.org/documents/6150778-Smokey-Point-051518-Assault.html,Preparing parents and students to be advocates for quality school reform in Illinois,Target Area Development Corporation,725000,medium,7/1/08,7,1,2008
214,5/6/18,Smokey Point,4,Assault,1,Unreported,1,https://www.documentcloud.org/documents/6150779-Smokey-Point-050618-Assault.html,Building Capacity for College Success: Implementing Data Collection Systems and Best Practices,National Association of Street Schools,742223,medium,5/1/08,5,1,2008
215,5/5/18,Smokey Point,4,Assault,1,Unreported,1,https://www.documentcloud.org/documents/6150780-Smokey-Point-050518-Assault.html,Support for National Lab Day,Tides Center,750000,medium,11/10/09,11,10,2009
219,4/11/18,Smokey Point,4,Assault,1,Unreported,1,https://www.documentcloud.org/documents/6150783-Smokey-Point-041118-Assault.html,Winning Strategies Black Male Donor Collaborative,The Schott Foundation For Public Education,750000,medium,7/1/08,7,1,2008
220,2/24/18,Smokey Point,4,Assault,1,Unreported,1,https://www.documentcloud.org/documents/6150462-Smokey-Point-031518-State-SOD.html#document/p36/a506556,The Role of School Board Governance in Preaparing Students for College and Workplace Readiness,National School Boards Foundation,755603,medium,4/25/09,4,25,2009
222,2/17/18,Smokey Point,4,Assault,1,Unreported,1,https://www.documentcloud.org/documents/6150462-Smokey-Point-031518-State-SOD.html#document/p36/a506553,Tracking Students from Secondary to Post Secondary Institutions,National Student Clearinghouse,792216,medium,11/1/08,11,1,2008
227,12/31/17,Smokey Point,4,Assault,1,Unreported,4,https://www.documentcloud.org/documents/6150462-Smokey-Point-031518-State-SOD.html#document/p49/a506536,"Education Equity Agenda: Federal and Regional Advocacy Policy Support for College Ready Work, Transparent Education Data System Alignment, Effective & Empowered Teachers and Innovation.",National Urban League Inc.,800000,medium,10/26/09,10,26,2009
129,7/17/18,Fairfax Everett,1,Assault ,1,Unreported,1,https://www.documentcloud.org/documents/6145773-Fairfax-Everett-071718-Assault.html,WA State Board of Education Phase II: A Meaningful High School Diploma and A State Accountability Education System,The Washington State Board of Education,850000,medium,3/1/08,3,1,2008
1,12/31/18,BHC Fairfax,1,Escape,2,Unreported,1,https://www.documentcloud.org/documents/6140545-Fairfax-Kirkland-123118-Escape.html,Measures of Effective Teaching Research Site,Denver Public Schools,878493,medium,11/13/09,11,13,2009
14,8/26/18,BHC Fairfax,1,Escape,2,Unreported,1,https://www.documentcloud.org/documents/6140557-Fairfax-Kirkland-082618-Escape.html,STEM Capacity Building,Business Higher Education Forum,910000,medium,7/1/08,7,1,2008
16,8/24/18,BHC Fairfax,1,Escape,2,Unreported,1,https://www.documentcloud.org/documents/6140559-Fairfax-Kirkland-082418-Escape.html,"Education Equity Agenda: Federal and Regional Advocacy Policy Support for College Ready Work, Transparent Education Data System Alignment, Effective & Empowered Teachers and Innovation.",National Council of La Raza,930223,medium,11/10/09,11,10,2009
26,5/24/18,BHC Fairfax,1,Escape,2,Unreported,1,https://www.documentcloud.org/documents/6140568-Fairfax-Kirkland-052418-Escape.html,DC Achiever Restructuring Partner,Friendship Public Charter School,937088,medium,11/3/09,11,3,2009
31,1/31/18,BHC Fairfax,1,Escape,2,Unreported,1,https://www.documentcloud.org/documents/6140573-Fairfax-Kirkland-013118-Escape.html,PRI Guaranty To Unlock Facilities Financing for High Quality Charter Schools,Local Initiatives Support Corporation,950000,medium,8/27/09,8,27,2009
35,11/16/17,BHC Fairfax,1,Escape,2,Unreported,1,https://www.documentcloud.org/documents/6140577-Fairfax-Kirkland-111617-Escape.html,Common Standards Review and Task Development,Thomas B. Fordham Institute,959116,medium,10/10/09,10,10,2009
41,9/3/17,BHC Fairfax,1,Escape,2,Unreported,1,https://www.documentcloud.org/documents/6140583-Fairfax-Kirkland-090317-Escape.html,Intermediary management of PRI/Credit Enhancement Program - Los Angeles (Aspire),NCB Capital Impact,959373,medium,4/8/10,4,8,2010
44,8/9/17,BHC Fairfax,1,Escape,2,Unreported,1,https://www.documentcloud.org/documents/6140586-Fairfax-Kirkland-080917-Escape.html,Sustainability for Recovery School District,Baton Rouge Area Foundation,993219,medium,11/3/09,11,3,2009
46,7/9/17,BHC Fairfax,1,Escape,2,Unreported,1,https://www.documentcloud.org/documents/6150796-Fairfax-Kirkland-070917-Escape.html,Research Design for Project-Based Advanced Placement Courses,University of Washington,996185,medium,11/18/09,11,18,2009
52,4/25/17,BHC Fairfax,1,Escape,2,Reported,1,,Accelerate and Enhance Teacher Effectiveness Methods In Districts/Networks,Achievement First Inc.,998221,medium,10/9/09,10,9,2009
53,3/5/17,BHC Fairfax,1,Escape,2,Unreported,1,https://www.documentcloud.org/documents/6150802-Fairfax-Kirkland-030517-Escape.html,AFT Innovation Fund,American Federation Of Teachers Educational Foundation,1000000,medium,1/1/09,1,1,2009
54,3/4/17,BHC Fairfax,1,Escape,2,Unreported,1,https://www.documentcloud.org/documents/6150803-Fairfax-Kirkland-030417-Escape.html,"Applying an R&D model to education to unearth root causes of performance gaps, to effectively vet options for reform.",President and Fellows of Harvard College,1000000,medium,11/12/09,11,12,2009
61,8/2/16,BHC Fairfax,1,Escape,2,Unreported,1,https://www.documentcloud.org/documents/6132701-Fairfax-Kirkland-080216-Escape.html,For the Future,Team Pennsylvania Foundation,1000000,medium,11/1/08,11,1,2008
66,6/26/16,BHC Fairfax,1,Escape,2,Unreported,1,https://www.documentcloud.org/documents/6132695-Fairfax-Kirkland-062616-Escape.html,General Support Supplemental,The Education Trust,1000000,medium,1/21/10,1,21,2010
67,5/30/16,BHC Fairfax,1,Escape,2,Unreported,1,https://www.documentcloud.org/documents/6132693-Fairfax-Kirkland-053016-Escape.html,Ohio College and Career Ready Consortium,Ohio Grantmakers Forum,1000000,medium,7/18/09,7,18,2009
78,9/2/18,Cascade Behavioral,2,Escape,2,Unreported,1,https://www.documentcloud.org/documents/6143887-Cascade-090218-Escape.html,Strategic Management of Human Capital in Public Ed,University of Wisconsin,1000000,medium,3/1/08,3,1,2008
144,3/15/18,Navos,3,Escape,2,Unreported,1,https://www.documentcloud.org/documents/6150255-Navos-031518-Escape.html,to support Teach for America (TFA) with the goal of bringing low income and minority students in TFA classrooms to proficiency,"Teach for America, Inc.",1000000,medium,6/26/09,6,26,2009
151,12/6/17,Navos,3,Escape,2,Unreported,1,https://www.documentcloud.org/documents/6150262-Navos-120617-Escape.html,Los Angeles Collaborative to Improve College and Career Readiness in LAUSD Schools,United Way Inc.,1000330,high,1/15/09,1,15,2009
152,11/18/17,Navos,3,Escape,2,Unreported,1,https://www.documentcloud.org/documents/6150263-Navos-111817-Escape.html,PEN business planning,Public Education Network,1001363,high,7/10/09,7,10,2009
156,9/15/17,Navos,3,Escape,2,Unreported,1,https://www.documentcloud.org/documents/6150265-Navos-091517-Escape.html,Accelerate and Enhance Teacher Effectiveness Methods In Districts/Networks,Recovery School District,1004719,high,10/22/09,10,22,2009
168,12/31/16,Navos,3,Escape,2,Unreported,1,https://www.documentcloud.org/documents/6150278-Navos-123116-Escape.html,CEP standards and assessment work,Center on Education Policy,1047928,high,9/8/09,9,8,2009
169,12/17/16,Navos,3,Escape,2,Unreported,1,https://www.documentcloud.org/documents/6150279-Navos-121716-Escape.html,College Bound,College Success Foundation,1053150,high,11/1/08,11,1,2008
170,12/15/16,Navos,3,Escape,2,Unreported,1,https://www.documentcloud.org/documents/6150280-Navos-121516-Escape.html,Accelerator Enhance Teacher Effectiveness Methods - RE: ASPIRE Model in HISD,Houston Independent School District,1100000,high,11/5/09,11,5,2009
171,11/29/16,Navos,3,Escape,2,Unreported,1,https://www.documentcloud.org/documents/6150281-Navos-112916-Escape.html,Ohio Follow-Through on Achieve Policy Study Recommendations,Ohio Department of Education,1175000,high,1/1/08,1,1,2008
173,10/12/16,Navos,3,Escape,2,Unreported,1,https://www.documentcloud.org/documents/6150283-Navos-101216-Escape.html,Philanthropic Partnership for Public Education,Seattle Foundation,1181375,high,3/1/08,3,1,2008
174,10/1/16,Navos,3,Escape,2,Unreported,1,https://www.documentcloud.org/documents/6150284-Navos-100116-Escape.html,A Progressive Agenda for Human Capital Policy Reform,Center for American Progress,1198248,high,7/1/08,7,1,2008
179,7/30/16,Navos,3,Escape,2,Unreported,1,https://www.documentcloud.org/documents/6150289-Navos-073016-Escape.html,Gates-EdVisions Moving Forward,EdVisions Inc,1200552,high,12/1/08,12,1,2008
180,7/19/16,Navos,3,Escape,2,Unreported,1,https://www.documentcloud.org/documents/6150290-Navos-071916-Escape.html,Texas Education Research Support,College for All Texans Foundation: Closing the Gaps,1221800,high,11/1/08,11,1,2008
181,7/17/16,Navos,3,Escape,2,Unreported,1,https://www.documentcloud.org/documents/6150291-Navos-071716-Escape.html,Portable Word Play - Discovering What Handheld Games Can Do for Adolescent Reading Comprehension,"Education Development Center, Inc.",1224953,high,11/18/09,11,18,2009
184,5/19/16,Navos,3,Escape,2,Unreported,1,https://www.documentcloud.org/documents/6150294-Navos-051916-Escape.html,Baltimore Sustainability Plan,Fund for Educational Excellence,1229730,high,5/1/08,5,1,2008
185,5/15/16,Navos,3,Escape,2,Unreported,1,https://www.documentcloud.org/documents/6150295-Navos-051516-Escape.html,Academic Youth Development,University of Texas at Austin,1235787,high,11/18/09,11,18,2009
187,3/18/16,Navos,3,Escape,2,Unreported,1,https://www.documentcloud.org/documents/6150297-Navos-031816-Escape.html,Campaign for High School Equity,"Rockefeller Philanthropy Advisors, Inc.",1279229,high,9/1/08,9,1,2008
188,3/9/16,Navos,3,Escape,2,Unreported,1,https://www.documentcloud.org/documents/6150298-Navos-030916-Escape.html,support the K-12 backmapping of the standards,Council of Chief State School Officers,1291738,high,10/12/09,10,12,2009
23,7/9/18,BHC Fairfax,1,Fall,3,Unreported,1,https://www.documentcloud.org/documents/6140565-Fairfax-Kirkland-070918-Fall.html,Building College-Ready Culture in Our High Schools,College Summit Inc.,1300000,high,5/1/08,5,1,2008
82,5/13/18,Cascade Behavioral,2,Fall,3,Reported,1,,Measures of Effective Teaching Research Site,Dallas Independent School District,1332279,high,1/4/10,1,4,2010
86,3/22/18,Cascade Behavioral,2,Fall,3,Reported,1,,Technical Assistance for Standards/Assessment Partners,National Center for the Improvement of Educational Assessment Inc.,1362773,high,11/19/09,11,19,2009
89,2/8/18,Cascade Behavioral,2,Fall,3,Reported,1,,Making NSC Data Actionable for School Leaders,College Summit Inc,1383137,high,5/22/09,5,22,2009
90,1/25/18,Cascade Behavioral,2,Fall,3,Reported,1,,Charlotte-Mecklenburg Measures of Teacher Effectiveness Research,Charlotte-Mecklenburg Schools,1431534,high,9/3/09,9,3,2009
91,11/16/17,Cascade Behavioral,2,Fall,3,Reported,1,,College Ready Course Sequence Implementation,"ACT, Inc.",1445269,high,9/14/09,9,14,2009
96,7/26/17,Cascade Behavioral,2,Fall,3,Reported,1,,Partnership for Learning Statewide Advocacy + Stimulus RTT TA,Partnership for Learning,1493522,high,11/1/09,11,1,2009
100,6/3/17,Cascade Behavioral,2,Fall,3,Reported,1,,Accelerated Partnership to Empower Effective Teachers,Tulsa Public Schools,1500000,high,2/4/10,2,4,2010
106,4/7/17,Cascade Behavioral,2,Fall,3,Reported,1,,LEV Statewide Advocacy Expansion,League of Education Voters Foundation,1500000,high,10/29/09,10,29,2009
127,8/27/18,Fairfax Everett,1,Fall,3,Unreported,1,https://www.documentcloud.org/documents/6145770-Fairfax-Everett-082718-Fall.html,NCEE state partnerships,National Center on Education & the Economy,1500000,high,10/19/09,10,19,2009
141,6/27/18,Fairfax Monroe,1,Fall,3,Unreported,1,https://www.documentcloud.org/documents/6145765-Fairfax-Everett-102218-Assault.html,Development of frameworks for the assessment of teacher knowledge,Educational Testing Service,1521971,high,11/14/09,11,14,2009
158,7/12/17,Navos,3,Fall,3,Reported,1,,Organizing for High School Reform,Pacific Institute For Community Organizations,1600000,high,9/1/08,9,1,2008
191,12/23/18,Smokey Point,4,Fall,3,Unreported,1,https://www.documentcloud.org/documents/6150773-Smokey-Point-122318-Fall.html,Expansion of Urban Teacher Residency (UTRU),The Urban Teacher Residency Institute,1635665,high,9/1/09,9,1,2009
195,12/11/18,Smokey Point,4,Fall,3,Unreported,1,https://www.documentcloud.org/documents/6150774-Smokey-Point-121118-Fall.html,Advance Illinois organization build,Advance Illinois,1800000,high,5/15/08,5,15,2008
198,12/4/18,Smokey Point,4,Fall,3,Unreported,1,https://www.documentcloud.org/documents/6150772-Smokey-Point-120418-Fall.html,Validation of the Teaching as Leadership Rubric,"Teach for America, Inc.",1840548,high,10/5/09,10,5,2009
208,6/18/18,Smokey Point,4,Fall,3,Reported,,,CMO Research Study Project Management,New Schools Fund dba NewSchools Venture Fund,1891265,high,5/1/08,5,1,2008
209,6/16/18,Smokey Point,4,Fall,3,Unreported,1,https://www.documentcloud.org/documents/6150727-Smokey-Point-082218-DOH-report.html#document/p1/a506594,6to16,University of Chicago - Urban Education Institute,1894228,high,3/1/08,3,1,2008
216,4/28/18,Smokey Point,4,Fall,3,Unreported,1,https://www.documentcloud.org/documents/6150781-Smokey-Point-042818-Fall.html,Education Equity Agenda: Support for Campaign for High School Equity coordination of national civil rights organization national policy advocacy of College Ready and Postsecondary Strategies,"Rockefeller Philanthropy Advisors, Inc.",1915298,high,10/19/09,10,19,2009
83,5/13/18,Cascade Behavioral,2,Fatal Injury,5,Unreported,1,https://www.documentcloud.org/documents/6189313-Cascade-051218-Fatal-Injury.html,Strengthening State College Readiness Initiatives,Board Of Control For Southern Regional Education,1987015,high,3/1/08,3,1,2008
92,11/15/17,Cascade Behavioral,2,Fatal Injury,5,Unreported,1,https://www.documentcloud.org/documents/6189322-Cascade-111517-Fatal-Injury.html,Intensive Partnership Site - Participation in MET Research Study,Memphis City Schools,1988654,high,11/3/09,11,3,2009
101,6/1/17,Cascade Behavioral,2,Fatal Injury,5,Unreported,1,https://www.documentcloud.org/documents/6189314-Cascade-060117-Fatal-Injury.html,New-Media Capacity Building at EPE,Editorial Projects in Education,1997280,high,5/1/09,5,1,2009
17,8/21/18,BHC Fairfax,1,Injury,5,Unreported,1,https://www.documentcloud.org/documents/6140560-Fairfax-Kirkland-082118-Injury.html,Implementation: National PTA support for college-readiness,National Congress of Parents and Teachers,2000000,high,11/3/09,11,3,2009
190,12/24/18,Smokey Point,4,Injury,5,Unreported,1,https://www.documentcloud.org/documents/6150687-Smokey-Point-011719-CMS-SOD.html#document/p30/a506609,The Public Education Reform and Community Development Link: A Sustainable Solution,Deutsche Bank Americas Foundation,2000000,high,11/1/08,11,1,2008
218,4/13/18,Smokey Point,4,Injury,5,Unreported,1,https://www.documentcloud.org/documents/6150782-Smokey-Point-041318-Injury.html,Project GRAD USA's National College Readiness Initiative,Project GRAD,2025892,high,9/1/08,9,1,2008
7,11/8/18,BHC Fairfax,1,Medication Error,5,Reported,1,,Literacy by Design,The Trust For Early Education Inc,2039526,high,9/17/09,9,17,2009
194,12/13/18,Smokey Point,4,Medication Error,5,Unreported,1,https://www.documentcloud.org/documents/6150687-Smokey-Point-011719-CMS-SOD.html#document/p30/a506606,THSP Alliance Business Planning,Communities Foundation of Texas,2046674,high,9/1/08,9,1,2008
210,6/4/18,Smokey Point,4,Medication Error,5,Unreported,1,https://www.documentcloud.org/documents/6150689-Smokey-Point-060718-CMS-SOD.html#document/p22/a506585,Teacher-Student Data Link Project,CELT Corporation,2200000,high,11/19/09,11,19,2009
211,5/31/18,Smokey Point,4,Overdose,5,Unreported,1,https://www.documentcloud.org/documents/6150689-Smokey-Point-060718-CMS-SOD.html#document/p18/a506583,Dropout Prevention,Americas Promise-The Alliance For Youth,2211517,high,3/19/08,3,19,2008
212,5/30/18,Smokey Point,4,Overdose,5,Unreported,1,https://www.documentcloud.org/documents/6150689-Smokey-Point-060718-CMS-SOD.html#document/p17/a506578,Hunt Institute Common State Education Standards Project,"The James B. Hunt, Jr. Institute for Educational Leadership and Policy",2213470,high,5/1/08,5,1,2008
4,12/8/18,BHC Fairfax,1,Sex Offense,5,Unreported,1,https://www.documentcloud.org/documents/6140548-Fairfax-Kirkland-120818-Sexual-Assault.html,Business Planning for Education grantees,The Bridgespan Group,2237530,high,4/20/09,4,20,2009
93,10/11/17,Cascade Behavioral,2,Sex Offense,5,Unreported,1,https://www.documentcloud.org/documents/6146083-Cascade-SOD-120617.html#document/p2/a506738,Develop Tools for Teachers/Districts to Monitor Student Progress,Math Solutions,2274957,high,11/20/09,11,20,2009
112,8/27/16,Cascade Behavioral,2,Sex Offense,5,Unreported,1,https://www.documentcloud.org/documents/6143882-Cascade-082716-Sexual-Assault.html,IB Middle Years Summative Assessment,IB Fund US Inc.,2423679,high,8/22/09,8,22,2009
148,12/30/17,Navos,3,Sex Offense,5,Unreported,1,https://www.documentcloud.org/documents/6150259-Navos-123017-Sex-Offense.html,To Help Governors Improve College and Career Ready Rates,National Governors Association Center For Best Practices,2496814,high,5/1/08,5,1,2008
165,3/13/17,Navos,3,Sex Offense,5,Unreported,1,https://www.documentcloud.org/documents/6150275-Navos-031317-Sex-Offense.html,Next Generation PD System,DC Public Education Fund,2500000,high,11/12/09,11,12,2009
196,12/9/18,Smokey Point,4,Sex Offense,5,Unreported,1,https://www.documentcloud.org/documents/6150687-Smokey-Point-011719-CMS-SOD.html#document/p29/a506605,Accelerated Partnership to Empower Effective Teachers,Prince George's County Public Schools,2500169,high,1/4/10,1,4,2010
203,9/1/18,Smokey Point,4,Sex Offense,5,Unreported,1,https://www.documentcloud.org/documents/6150776-Smokey-Point-090118-Sex-Offense.html,Intensive Partnership Site - Participation in MET Research Study,Hillsborough County Public Schools,2502146,high,10/20/09,10,20,2009
225,2/13/18,Smokey Point,4,Sex Offense,5,Unreported,1,https://www.documentcloud.org/documents/6150462-Smokey-Point-031518-State-SOD.html#document/p19/a506549,Scaling NCTQ state and district work,National Council on Teacher Quality,2565641,high,10/21/09,10,21,2009
107,3/16/17,Cascade Behavioral,2,Sexual Assault,5,Reported,1,,NAPCS Industry Development,National Alliance For Public Charter Schools,2605527,high,9/1/08,9,1,2008
79,7/20/18,Cascade Behavioral,2,Sudden Death,5,Unreported,1,https://www.documentcloud.org/documents/6143890-Cascade-072018-Death.html,Increasing Business Engagement,Institute for a Competitive Workforce,2625837,high,10/8/08,10,8,2008
80,7/16/18,Cascade Behavioral,2,Sudden Death,5,Unreported,1,https://www.documentcloud.org/documents/6143891-Cascade-071618-Death.html,Building Support for Federal High School Policy Reform,"Alliance for Excellent Education, Inc.",2644892,high,9/1/08,9,1,2008
109,12/21/16,Cascade Behavioral,2,Sudden Death,5,Unreported,1,https://www.documentcloud.org/documents/6145685-Cascade-SOD-031017.html#document/p15/a506743,NYC DOE Measures of Teacher Effectiveness Research,Fund for Public Schools Inc.,2646876,high,8/28/09,8,28,2009
104,4/20/17,Cascade Behavioral,2,Suicide,5,Unreported,1,https://www.documentcloud.org/documents/6145691-Cascade-SOD-050517.html#document/p7/a506741,Aspire Public Schools' Early College High School Capacity Project,Aspire Public Schools,2899727,high,9/1/08,9,1,2008
19,8/6/18,BHC Fairfax,1,Suicide Attempt,4,Unreported,1,https://www.documentcloud.org/documents/6140562-Fairfax-Kirkland-080618-Suicide-Attempt.html,Big 8 Superintendents Data Assessment,Communities Foundation of Texas,2901632,high,11/1/08,11,1,2008
59,9/25/16,BHC Fairfax,1,Suicide Attempt,4,Unreported,1,https://www.documentcloud.org/documents/6132703-Fairfax-Kirkland-092516-Suicide-Attempt.html,National Impact Initiative,National Association Of Charter School Authorizers,2979186,high,10/1/08,10,1,2008
62,7/19/16,BHC Fairfax,1,Suicide Attempt,4,Unreported,1,https://www.documentcloud.org/documents/6132700-Fairfax-Kirkland-071916-Suicide-Attempt.html,Development and Adaptation of Science and Literacy Formative Assessment Tasks,Regents Of The University Of California At Berkeley,2999730,high,11/20/09,11,20,2009
85,4/4/18,Cascade Behavioral,2,Suicide Attempt,4,Unreported,1,https://www.documentcloud.org/documents/6143892-Cascade-040418-Suicide-Attempt.html,Research Alliance for New York City Schools,New York University,2999960,high,10/1/08,10,1,2008
105,4/20/17,Cascade Behavioral,2,Suicide Attempt,4,Reported,1,,CCSR General Operating Support,University of Chicago (Parent Org),3000000,high,5/1/08,5,1,2008
137,6/30/16,Fairfax Everett,1,Suicide Attempt,4,Unreported,1,https://www.documentcloud.org/documents/6145820-Fairfax-Everett-062018-Suicide-Attempt.html#document/p2/a506737,Deepening and Expanding the Impact of Diploma Plus,"Third Sector New England, Inc.",3179363,high,9/1/08,9,1,2008
197,12/5/18,Smokey Point,4,Suicide Attempt,4,Unreported,1,https://www.documentcloud.org/documents/6150775-Smokey-Point-120518-Suicide-Attempt.html,To provide support to states on RTTT applications,New Venture Fund,3240000,high,11/4/09,11,4,2009
200,12/2/18,Smokey Point,4,Suicide Attempt,4,Unreported,1,https://www.documentcloud.org/documents/6150687-Smokey-Point-011719-CMS-SOD.html#document/p29/a506603,Alternative High School Initiative,The Big Picture Company,3315216,high,7/15/09,7,15,2009
201,11/22/18,Smokey Point,4,Suicide Attempt,4,Unreported,1,https://www.documentcloud.org/documents/6150687-Smokey-Point-011719-CMS-SOD.html#document/p29/a506602,Support for Teaching First to ensure that there is public support for district efforts to improve teacher effectiveness,"Rockefeller Philanthropy Advisors, Inc.",3487270,high,9/25/09,9,25,2009
202,10/4/18,Smokey Point,4,Suicide Attempt,4,Unreported,1,https://www.documentcloud.org/documents/6150687-Smokey-Point-011719-CMS-SOD.html#document/p29/a506601,IDEA Public Schools Expansion,Idea Academy Inc,3498875,high,11/1/08,11,1,2008
217,4/27/18,Smokey Point,4,Suicide Attempt,4,Unreported,1,Audio,Title,College Summit Inc,3500000,high,5/1/08,5,1,2008
221,2/19/18,Smokey Point,4,Suicide Attempt,4,Unreported,1,https://www.documentcloud.org/documents/6150462-Smokey-Point-031518-State-SOD.html#document/p16/a506544,College Ready Mathematics Formative Assessments,Regents Of The University Of California At Berkeley,3661294,high,9/25/09,9,25,2009
223,2/17/18,Smokey Point,4,Suicide Attempt,4,Unreported,1,https://www.documentcloud.org/documents/6150462-Smokey-Point-031518-State-SOD.html#document/p19/a506549,Using Standards and Data to Improve Urban School Systems,Council Of The Great City Schools,3735866,high,10/1/08,10,1,2008
224,2/16/18,Smokey Point,4,Suicide Attempt,4,Unreported,1,https://www.documentcloud.org/documents/6150462-Smokey-Point-031518-State-SOD.html#document/p15/a506543,College Readiness Data Initiative,Dallas Independent School District,3774912,high,12/1/08,12,1,2008
226,1/9/18,Smokey Point,4,Suicide Attempt,4,Unreported,1,https://www.documentcloud.org/documents/6150462-Smokey-Point-031518-State-SOD.html#document/p17/a506548,Project support for expanding Aspen network,The Aspen Institute,3878680,high,11/18/09,11,18,2009